<?xml version="1.0" encoding="UTF-8" standalone="yes"?>
<?xml-stylesheet type="text/xsl" href="modx.prosilver.en.xsl"?>
<!--NOTICE: Please open this file in your web browser. If presented with a security warning, you may safely tell it to allow the blocked content.-->
<!--For security purposes, please check: http://www.phpbb.com/mods/ for the latest version of this MOD.\nAlthough MODs are checked before being allowed in the MODs Database there is no guarantee that there are no security problems within the MOD.\nNo support will be given for MODs not found within the MODs Database which can be found at http://www.phpbb.com/mods/-->
<mod xmlns:xsi="http://www.w3.org/2001/XMLSchema-instance" xmlns="https://www.phpbb.com/mods/xml/modx-1.2.6.xsd">
	<header>
		<meta name="generator" content="MODX file generated with PP MODX Creator by tumba25 (online version)"/>
		<license><![CDATA[http://opensource.org/licenses/gpl-license.php GNU General Public License v2]]></license>
		<title lang="en"><![CDATA[Prime Login Return]]></title>
		<description lang="en"><![CDATA[Returns a user to the page they were at prior to logging in.]]></description>
		<author-notes lang="en"><![CDATA[Creating, maintaining, and updating MODs requires a lot of time and effort, so if you like this MOD and have the desire to express your thanks through donations, that would be greatly appreciated. My Paypal ID is primehalo@gmail.com, or contact me for my mailing address. The suggested donation amount for this MOD is $1.00 (but any amount will help).]]></author-notes>
		<author-group>
			<author>
				<realname><![CDATA[Ken F. Innes IV]]></realname>
				<username><![CDATA[primehalo]]></username>
				<homepage><![CDATA[http://www.absoluteanime.com/admin/mods.htm#login_return]]></homepage>
				<email><![CDATA[primehalo@gmail.com]]></email>
			</author>
		</author-group>
		<mod-version>1.0.1</mod-version>
		<installation>
			<level>easy</level>
			<time>120</time>
			<target-version>3.0.11</target-version>
		</installation>
		<history>
			<entry>
				<date>2009-06-18</date>
				<rev-version>1.0.0</rev-version>
				<changelog lang="en">
					<change><![CDATA[Initial release]]></change>
				</changelog>
			</entry>
			<entry>
				<date>2010-04-28</date>
				<rev-version>1.0.1</rev-version>
				<changelog lang="en">
					<change><![CDATA[Updated to function with phpBB 3.0.7-PL1.]]></change>
				</changelog>
			</entry>
		</history>
	</header>
	<action-group>
		<open src="includes/functions.php">
			<edit>
				<find><![CDATA[		$u_login_logout = append_sid("{$phpbb_root_path}ucp.$phpEx", 'mode=login');]]></find>
				<action type="after-add"><![CDATA[//-- mod: Prime Login Return ------------------------------------------------//
		$redirect = ($user->page['page_dir'] || $user->page['page_name'] == "ucp.$phpEx") ? '' : '&amp;redirect=' . urlencode(str_replace('&amp;', '&', build_url(array('_f_'))));
		$u_login_logout = append_sid("{$phpbb_root_path}ucp.$phpEx", 'mode=login' . $redirect);
//-- end: Prime Login Return ------------------------------------------------//]]></action>
			</edit>
			<edit>
				<find><![CDATA[	// application/xhtml+xml not used because of IE
	header('Content-type: text/html; charset=UTF-8');]]></find>
				<action type="before-add"><![CDATA[//-- mod: Prime Login Return ------------------------------------------------//
	if (($redirect = request_var('redirect', '')) != '')
	{
		$template->assign_var('S_LOGIN_REDIRECT', build_hidden_fields(array('redirect' => $redirect)));
	}
//-- end: Prime Login Return ------------------------------------------------//]]></action>
			</edit>
		</open>
	</action-group>
</mod>
