<?xml version="1.0" encoding="utf-8" standalone="yes"?>
<?xml-stylesheet type="text/xsl" href="./xsl/modx.prosilver.en.xsl"?>
<!--
	NOTICE: Please open this file in your web browser. If presented with a security warning, you may safely tell it to allow the blocked content.
-->
<!--For security purposes, please check: http://www.phpbb.com/mods/ for the latest version of this MOD. Although MODs are checked before being allowed in the MODs Database there is no guarantee that there are no security problems within the MOD. No support will be given for MODs not found within the MODs Database which can be found at http://www.phpbb.com/mods/-->
<mod xmlns:xsi="http://www.w3.org/2001/XMLSchema-instance" xmlns="http://www.phpbb.com/mods/xml/modx-1.2.5.xsd">
	<header>
		<license>http://opensource.org/licenses/gpl-license.php GNU General Public License v2</license>
		<title lang="en">Prime Links Supplement: Style Links</title>
		<description lang="en">Adds a stylesheet for convenience in styling links. These instructions are required only if you want this functionality.</description>
		<author-notes lang="en">These instructions are required only if you want this functionality.</author-notes>
		<author-group>
			<author>
				<realname>Ken F. Innes IV</realname>
				<email>primehalo@gmail.com</email>
				<username>primehalo</username>
				<homepage><![CDATA[http://www.absoluteanime.com/admin/mods.htm#links]]></homepage>
			</author>
		</author-group>
		<mod-version>1.0.0</mod-version>
		<installation>
			<level>easy</level>
			<time>120</time>
			<target-version>3.0.10</target-version>
		</installation>
		<history>
		</history>
		<link-group>
			<link type="parent" href="../install.xml" lang="en">Main Install File</link>
			<link type="template" href="./install style links (subsilver2).xml" lang="en">subsilver2</link>
		</link-group>
	</header>
	<action-group>
		<copy>
			<file from="root/styles/subsilver2/theme/prime_links/prime_links.css" to="styles/subsilver2/theme/prime_links/prime_links.css" />
			<file from="root/styles/subsilver2/theme/prime_links/window.gif" to="styles/subsilver2/theme/prime_links/window.gif" />
			<file from="root/styles/subsilver2/theme/prime_links/window_a.gif" to="styles/subsilver2/theme/prime_links/window_a.gif" />
			<file from="root/styles/subsilver2/theme/prime_links/pdf.gif" to="styles/subsilver2/theme/prime_links/pdf.gif" />
		</copy>

		<open src="styles/subsilver2/template/overall_header.html">
			<edit>
				<find><![CDATA[</head>]]></find>
				<action type="before-add"><![CDATA[<link href="{T_THEME_PATH}/prime_links/prime_links.css" rel="stylesheet" type="text/css" />]]></action>
			</edit>
		</open>
	</action-group>
</mod>
