<?xml version="1.0" encoding="utf-8" standalone="yes"?>
<?xml-stylesheet type="text/xsl" href="./xsl/modx.prosilver.en.xsl"?>
<!--
	NOTICE: Please open this file in your web browser. If presented with a security warning, you may safely tell it to allow the blocked content.
-->
<!--For security purposes, please check: http://www.phpbb.com/mods/ for the latest version of this MOD. Although MODs are checked before being allowed in the MODs Database there is no guarantee that there are no security problems within the MOD. No support will be given for MODs not found within the MODs Database which can be found at http://www.phpbb.com/mods/-->
<mod xmlns:xsi="http://www.w3.org/2001/XMLSchema-instance" xmlns="http://www.phpbb.com/mods/xml/modx-1.2.5.xsd">
	<header>
		<license>http://opensource.org/licenses/gpl-license.php GNU General Public License v2</license>
		<title lang="en">Prime Links Supplement: User Website Links (subsilver2)</title>
		<description lang="en">This file provides instructions for installing the template portions of this MOD. See the main install file for any additional information about the MOD.</description>
		<author-notes lang="en">This file provides instructions for installing the template portions of this MOD. See the main install file for any additional information about the MOD.</author-notes>
		<author-group>
			<author>
				<realname>Ken F. Innes IV</realname>
				<email>primehalo@gmail.com</email>
				<username>primehalo</username>
				<homepage><![CDATA[http://www.absoluteanime.com/admin/mods.htm#links]]></homepage>
			</author>
		</author-group>
		<mod-version>1.0.0</mod-version>
		<installation>
			<level>easy</level>
			<time>120</time>
			<target-version>3.0.10</target-version>
		</installation>
		<history>
		</history>
		<link-group>
			<link type="parent" href="../install.xml" lang="en">Main Install File</link>
			<link type="contrib" href="install user website links.xml" lang="en">Install User Website Links</link>
		</link-group>
	</header>
	<action-group>
		<open src="styles/subsilver2/template/memberlist_body.html">
			<edit>
				<find><![CDATA[href="{memberrow.U_WWW}"]]></find>
				<inline-edit>
					<inline-find><![CDATA[href="{memberrow.U_WWW}"]]></inline-find>
					<inline-action type="after-add">{EXTERNAL_LINK_ATTRIBUTES}</inline-action>
				</inline-edit>
			</edit>
		</open>

		<open src="styles/subsilver2/template/memberlist_view.html">
			<edit>
				<find><![CDATA[href="{U_WWW}"]]></find>
				<inline-edit>
					<inline-find><![CDATA[href="{U_WWW}"]]></inline-find>
					<inline-action type="after-add">{EXTERNAL_LINK_ATTRIBUTES}</inline-action>
				</inline-edit>
			</edit>
		</open>
	</action-group>
</mod>
