<?xml version="1.0" encoding="UTF-8" standalone="yes"?>
<?xml-stylesheet type="text/xsl" href="modx.prosilver.en.xsl"?>
<!--NOTICE: Please open this file in your web browser. If presented with a security warning, you may safely tell it to allow the blocked content.-->
<!--For security purposes, please check: http://www.phpbb.com/mods/ for the latest version of this MOD.\nAlthough MODs are checked before being allowed in the MODs Database there is no guarantee that there are no security problems within the MOD.\nNo support will be given for MODs not found within the MODs Database which can be found at http://www.phpbb.com/mods/-->
<mod xmlns:xsi="http://www.w3.org/2001/XMLSchema-instance" xmlns="https://www.phpbb.com/mods/xml/modx-1.2.6.xsd">
	<header>
		<meta name="generator" content="MODX file generated with PP MODX Creator by tumba25 (online version)"/>
		<license><![CDATA[http://opensource.org/licenses/gpl-license.php GNU General Public License v2]]></license>
		<title lang="en"><![CDATA[phpBB jQuery Base]]></title>
		<description lang="en"><![CDATA[This will add a jQuery Back-End to your forum, enabling you to use jQuery for several features of your forum.]]></description>
		<author-notes lang="en"><![CDATA[This MOD requires PHP 5.2.0 or newer and PECL json 1.2.0 or newer.]]></author-notes>
		<author-group>
			<author>
				<realname><![CDATA[Marc Alexander]]></realname>
				<username><![CDATA[marc1706]]></username>
				<homepage><![CDATA[http://www.m-a-styles.de]]></homepage>
				<email><![CDATA[admin@m-a-styles.de]]></email>
			</author>
		</author-group>
		<mod-version>1.0.1</mod-version>
		<installation>
			<level>easy</level>
			<time>300</time>
			<target-version>3.0.11</target-version>
		</installation>
		<history>
			<entry>
				<date>2010-08-23</date>
				<rev-version>0.0.1</rev-version>
				<changelog lang="en">
					<change><![CDATA[First alpha]]></change>
				</changelog>
				<changelog lang="de">
					<change><![CDATA[Erste Alpha]]></change>
				</changelog>
			</entry>
			<entry>
				<date>2012-02-26</date>
				<rev-version>0.1.0</rev-version>
				<changelog lang="en">
					<change><![CDATA[First beta - changelog: https://github.com/marc1706/phpBB-jQuery-Base/commits/master]]></change>
				</changelog>
				<changelog lang="de">
					<change><![CDATA[Erste Beta - Changelog: https://github.com/marc1706/phpBB-jQuery-Base/commits/master]]></change>
				</changelog>
			</entry>
			<entry>
				<date>2012-10-14</date>
				<rev-version>1.0.0</rev-version>
				<changelog lang="en">
					<change><![CDATA[Purge caches via install script]]></change>
					<change><![CDATA[Remove unneeded code from jquery_functions.php]]></change>
					<change><![CDATA[Add ability to change interval for checking PMs via ACP interface]]></change>
					<change><![CDATA[Fix unclean if-statements in jquery_base_header.html]]></change>
					<change><![CDATA[Don't include pjB files if it's disabled via ACP]]></change>
					<change><![CDATA[Don't remove phpBB's PM popup]]></change>
					<change><![CDATA[Remove unneeded comments/code from jquery_base_header.html]]></change>
					<change><![CDATA[Add changes in editor.js to jquery_base_header.html]]></change>
					<change><![CDATA[Fix: return_ary is not defined when using mark read]]></change>
					<change><![CDATA[Fix: Mark read setting in ACP has no effect]]></change>
					<change><![CDATA[Fix: Quick login setting in ACP has no effect]]></change>
					<change><![CDATA[Fix: Possible XSS exploit due to using {L_ instead of {LA_]]></change>
					<change><![CDATA[Fix: Incorrect post time displayed after quickreply]]></change>
					<change><![CDATA[Replace double quote and ampersand with correct character]]></change>
					<change><![CDATA[Fix: Missing language variable L_QUICKEDIT_POST]]></change>
				</changelog>
				<changelog lang="de">
					<change><![CDATA[Leere Caches mit dem Installer]]></change>
					<change><![CDATA[Unnötigen Code von jquery_functions.php entfernt]]></change>
					<change><![CDATA[Aktualisierungsintervall für PN Überprüfung kann im ACP eingestellt werden]]></change>
					<change><![CDATA[Unsaubere if-Abfragen in jquery_base_header.html korrigiert]]></change>
					<change><![CDATA[Binde pjB Dateien nicht ein, falls es im Admin-Bereich deaktiviert ist]]></change>
					<change><![CDATA[Lösche phpBB's PN Popup nicht]]></change>
					<change><![CDATA[Unnötige Kommentare und code von jquery_base_header.html entfernt]]></change>
					<change><![CDATA[editor.js basierten Code aktualisiert]]></change>
					<change><![CDATA[Korrigiert: return_ary ist nicht definiert]]></change>
					<change><![CDATA[Korrigiert: Einstellungen von "Mark Read" im Admin-Bereich haben keinen Effekt]]></change>
					<change><![CDATA[Korrigiert: Quick Login Einstellungen im Admin-Bereich haben keinen Effekt]]></change>
					<change><![CDATA[Korrigiert: Mögliches cross-site scripting, da {L_ statt {LA_ verwendet wurde]]></change>
					<change><![CDATA[Korrigiert: Falsches Datum eines Beitrags nach Verwendung der Schnellantwort]]></change>
					<change><![CDATA[Ersetze Anführungsstriche und Et-Zeichen mit korrekten Zeichen]]></change>
					<change><![CDATA[Korrigiert: Fehlende Sprachvariable L_QUICKEDIT_POST]]></change>
				</changelog>
			</entry>
			<entry>
				<date>2012-11-14</date>
				<rev-version>1.0.1</rev-version>
				<changelog lang="en">
					<change><![CDATA[Fixup javascript behavior]]></change>
				</changelog>
				<changelog lang="de">
					<change><![CDATA[Korrigiere das Verhalten des Javascript codes]]></change>
				</changelog>
			</entry>
		</history>
		<link-group>
			<link type="contrib" href="contrib/update_010_to_101.xml" lang="en">Update 0.1.0 to 1.0.1</link>
			<link type="contrib" href="contrib/update_010_to_101.xml" lang="de">Aktualisiere 0.1.0 zu 1.0.1</link>
		</link-group>
	</header>
	<action-group>
		<copy>
			<file from="root/*.*" to="*.*"/>
		</copy>
		<open src="includes/functions.php">
			<edit>
				<find><![CDATA['U_PRIVATEMSGS'			=> append_sid("{$phpbb_root_path}ucp.$phpEx", 'i=pm&amp;folder=inbox'),]]></find>
				<action type="before-add"><![CDATA[	// phpBB jQuery Base -- Start
	'U_JQUERY_BASE'				=> (isset($config['pjb_enable']) && $config['pjb_enable']) ? append_sid("{$phpbb_root_path}jquery_base.$phpEx") : false,
	'QUICKEDIT_IMG'		=> $user->img('icon_post_quickedit', 'QUICKEDIT_POST'),
	'U_QUICKEDIT' 		=> (isset($config['pjb_quickedit_enable']) && $config['pjb_quickedit_enable'] && $auth->acl_get('u_quickedit') && $config['pjb_enable']) ? append_sid("{$phpbb_root_path}quickedit.$phpEx") : '',
	'PJB_QUICKEDIT_ENABLE' 	=> (isset($config['pjb_quickedit_enable']) && $config['pjb_quickedit_enable'] && $auth->acl_get('u_quickedit') && $config['pjb_enable']) ? true : false,
	'PJB_QUICKREPLY_ENABLE' => (isset($config['pjb_quickreply_enable']) && $config['pjb_quickreply_enable'] && $auth->acl_get('u_quickreply') && $config['pjb_enable']) ? true : false,
	'PJB_POPUPS_ENABLE'	=> (isset($config['pjb_popups_enable']) && $config['pjb_popups_enable'] && $config['pjb_enable']) ? true : false,
	'PJB_PM_UPDATE_INTERVAL' => (isset($config['pjb_pm_update_interval']) && !empty($config['pjb_pm_update_interval']) && $config['pjb_enable']) ? $config['pjb_pm_update_interval'] : false,
	'PJB_MARK_READ_ENABLE'	=> (isset($config['pjb_markread_enable']) && $config['pjb_markread_enable'] && $config['pjb_enable']) ? true : false,
	'PJB_LOGIN_ENABLE'		=> (isset($config['pjb_login_enable']) && $config['pjb_login_enable'] && $config['pjb_enable']) ? true : false,
	// phpBB jQuery Base -- End]]></action>
			</edit>
		</open>
		<open src="includes/acp/acp_styles.php">
			<edit>
				<find><![CDATA[ 'button_topic_reply',]]></find>
				<inline-edit>
					<inline-find><![CDATA[ 'button_topic_reply',]]></inline-find>
					<inline-action type="after-add"><![CDATA[ 'icon_post_quickedit',]]></inline-action>
				</inline-edit>
			</edit>
		</open>
		<open src="language/en/common.php">
			<edit>
				<find><![CDATA[	'YOU_NO_NEW_PM'		=> 'No new private messages are waiting for you.',]]></find>
				<action type="after-add"><![CDATA[	'acl_u_quickreply'	=> array('lang' => 'Can use the jQuery-based Quickreply', 'cat' => 'misc'),
	'acl_u_quickedit'	=> array('lang' => 'Can use the jQuery-based Quickedit', 'cat' => 'misc'),
	'QUICKEDIT_POST'					=> 'Quickedit post',]]></action>
			</edit>
		</open>
		<open src="language/en/acp/styles.php">
			<edit>
				<find><![CDATA[	'IMG_ICON_POST_EDIT'			=> 'Edit post',]]></find>
				<action type="after-add"><![CDATA[	'IMG_ICON_POST_QUICKEDIT'		=> 'Quickedit post',]]></action>
			</edit>
		</open>
		<open src="styles/prosilver/imageset/en/imageset.cfg">
			<edit>
				<find><![CDATA[img_icon_post_edit = icon_post_edit.gif*20*42]]></find>
				<action type="after-add"><![CDATA[img_icon_post_quickedit = icon_post_quickedit.gif*20*74]]></action>
			</edit>
		</open>
		<open src="styles/prosilver/template/index_body.html">
			<edit>
				<find><![CDATA[	<!-- IF not S_IS_BOT and U_MARK_FORUMS --><li class="rightside"><a href="{U_MARK_FORUMS}" accesskey="m">{L_MARK_FORUMS_READ}</a></li><!-- ENDIF -->]]></find>
				<action type="replace-with"><![CDATA[	<!-- IF not S_IS_BOT and U_MARK_FORUMS --><li class="rightside"><a href="{U_MARK_FORUMS}" accesskey="m" class="markread">{L_MARK_FORUMS_READ}</a></li><!-- ENDIF -->]]></action>
			</edit>
		</open>
		<open src="styles/prosilver/template/overall_footer.html">
			<edit>
				<find><![CDATA[</body>]]></find>
				<action type="before-add"><![CDATA[<!-- IF U_JQUERY_BASE -->
<!-- INCLUDE jquery_base/jquery_base_footer.html -->
<!-- ENDIF -->]]></action>
			</edit>
		</open>
		<open src="styles/prosilver/template/overall_header.html">
			<edit>
				<find><![CDATA[	<!-- IF S_USER_PM_POPUP and S_NEW_PM -->]]></find>
				<inline-edit>
					<inline-find><![CDATA[S_NEW_PM]]></inline-find>
					<inline-action type="after-add"><![CDATA[ and not U_JQUERY_BASE]]></inline-action>
				</inline-edit>
			</edit>
			<edit>
				<find><![CDATA[</head>]]></find>
				<action type="before-add"><![CDATA[<!-- IF U_JQUERY_BASE -->
<!-- INCLUDE jquery_base/jquery_base_header.html -->
<!-- ENDIF -->]]></action>
			</edit>
		</open>
		<open src="styles/prosilver/template/viewforum_body.html">
			<edit>
				<find><![CDATA[	<li class="rightside"><a href="{U_MARK_FORUMS}">{L_MARK_SUBFORUMS_READ}</a></li>]]></find>
				<action type="replace-with"><![CDATA[	<li class="rightside"><a href="{U_MARK_FORUMS}" class="markread">{L_MARK_SUBFORUMS_READ}</a></li>]]></action>
			</edit>
			<edit>
				<find><![CDATA[			<!-- IF not S_IS_BOT and U_MARK_TOPICS --><a href="{U_MARK_TOPICS}" accesskey="m">{L_MARK_TOPICS_READ}</a> &bull; <!-- ENDIF --><!-- IF TOTAL_TOPICS -->{TOTAL_TOPICS}<!-- ENDIF -->]]></find>
				<action type="replace-with"><![CDATA[			<!-- IF not S_IS_BOT and U_MARK_TOPICS --><a href="{U_MARK_TOPICS}" accesskey="m" class="markread">{L_MARK_TOPICS_READ}</a> &bull; <!-- ENDIF --><!-- IF TOTAL_TOPICS -->{TOTAL_TOPICS}<!-- ENDIF -->]]></action>
			</edit>
		</open>
		<open src="styles/prosilver/template/viewtopic_body.html">
			<edit>
				<find><![CDATA[		<div class="postbody">]]></find>
				<inline-edit>
					<inline-find><![CDATA[class="postbody"]]></inline-find>
					<inline-action type="after-add"><![CDATA[ id="post{postrow.POST_ID}"]]></inline-action>
				</inline-edit>
			</edit>
			<edit>
				<find><![CDATA[					<!-- IF postrow.U_EDIT --><li class="edit-icon"><a href="{postrow.U_EDIT}" title="{L_EDIT_POST}"><span>{L_EDIT_POST}</span></a></li><!-- ENDIF -->]]></find>
				<action type="before-add"><![CDATA[					<!-- IF postrow.U_EDIT and U_QUICKEDIT --><li class="qe-icon"><a href="#" onclick="return false;" id="quickedit{postrow.POST_ID}" title="{L_QUICKEDIT_POST}"><span>{L_QUICKEDIT_POST}</span></a></li><!-- ENDIF -->]]></action>
			</edit>
			<edit>
				<find><![CDATA[<!-- END postrow -->]]></find>
				<action type="after-add"><![CDATA[<div id="pjb-quickreply"></div>]]></action>
			</edit>
		</open>
		<open src="styles/prosilver/theme/buttons.css">
			<edit>
				<find><![CDATA[.edit-icon, .edit-icon a			{ background: none top left no-repeat; }]]></find>
				<action type="after-add"><![CDATA[.qe-icon, .qe-icon a				{ background: none top left no-repeat; }]]></action>
			</edit>
			<edit>
				<find><![CDATA[ul.profile-icons li.edit-icon	{ width: {IMG_ICON_POST_EDIT_WIDTH}px; height: {IMG_ICON_POST_EDIT_HEIGHT}px; }]]></find>
				<action type="after-add"><![CDATA[ul.profile-icons li.qe-icon		{ width: {IMG_ICON_POST_QUICKEDIT_WIDTH}px; height: {IMG_ICON_POST_QUICKEDIT_HEIGHT}px; }]]></action>
			</edit>
			<edit>
				<find><![CDATA[ul.profile-icons li.edit-icon	{ margin: 0 0 0 3px; }]]></find>
				<action type="after-add"><![CDATA[ul.profile-icons li.qe-icon	{ margin: 0 0 0 3px; }]]></action>
			</edit>
		</open>
		<open src="styles/prosilver/theme/colours.css">
			<edit>
				<find><![CDATA[.edit-icon, .edit-icon a			{ background-image: url("{IMG_ICON_POST_EDIT_SRC}"); }]]></find>
				<action type="after-add"><![CDATA[.qe-icon, .qe-icon a			{ background-image: url("{IMG_ICON_POST_QUICKEDIT_SRC}"); }]]></action>
			</edit>
		</open>
		<php-installer><![CDATA[installer/index.php]]></php-installer>
		<diy-instructions lang="en"><![CDATA[Please run the installer after editing all files.]]></diy-instructions>
		<diy-instructions lang="de"><![CDATA[Bitte führe den Installer nach dem Editieren aller Dateien aus.]]></diy-instructions>
	</action-group>
</mod>
