<?xml version="1.0" encoding="utf-8" standalone="yes" ?>
<?xml-stylesheet type="text/xsl" href="modx.prosilver.en.xsl"?>
<!--For security purposes, please check: http://www.phpbb.com/mods/ for the latest version of this MOD. Although MODs are checked before being allowed in the MODs Database there is no guarantee that there are no security problems within the MOD. No support will be given for MODs not found within the MODs Database which can be found at http://www.phpbb.com/mods/-->
<mod xmlns:xsi="http://www.w3.org/2001/XMLSchema-instance" xmlns="http://www.phpbb.com/mods/xml/modx-1.2.5.xsd">
	<header>
		<meta name="generator" content="MODX file generated with PP MODX Creator by tumba25 (online version)"/>
		<license><![CDATA[http://opensource.org/licenses/gpl-license.php GNU General Public License v2]]></license>
		<title lang="en"><![CDATA[phpBB jQuery Base - Update 0.1.0 to 1.0.1]]></title>
		<description lang="en"><![CDATA[This will update phpBB jQuery Base from version 0.1.0 to 1.0.1.]]></description>
		<author-notes lang="en">This MOD requires PHP 5.2.0 or newer and PECL json 1.2.0 or newer.</author-notes>
		<author-group>
			<author>
				<realname><![CDATA[Marc Alexander]]></realname>
				<username><![CDATA[marc1706]]></username>
				<homepage><![CDATA[http://www.m-a-styles.de]]></homepage>
				<email><![CDATA[admin@m-a-styles.de]]></email>
			</author>
		</author-group>
		<mod-version>1.0.1</mod-version>
		<installation>
			<level>easy</level>
			<time>300</time>
			<target-version>3.0.11</target-version>
		</installation>
		<link-group>
			<link type="parent" href="../install.xml" lang="en">Install instructions</link>
			<link type="parent" href="../install.xml" lang="de">Installationsanleitung</link>
		</link-group>
	</header>
	<action-group>
		<copy>
			<file from="root/includes/acp/acp_jquery_base.php" to="includes/acp/acp_jquery_base.php" />
			<file from="root/install/*.*" to="install/*.*" />
			<file from="root/jquery_base/jquery_functions.php" to="jquery_base/jquery_functions.php" />
			<file from="root/language/en/mods/info_jquery_base_acp.php" to="language/en/mods/info_jquery_base_acp.php" />
			<file from="root/styles/prosilver/template/jquery_base/jquery_base_header.html" to="styles/prosilver/template/jquery_base/jquery_base_header.html" />
			<file from="root/umil/*.*" to="umil/*.*" />
		</copy>
		<open src="includes/functions.php">
			<edit>
				<find><![CDATA[		'U_JQUERY_BASE'				=> append_sid("{$phpbb_root_path}jquery_base.$phpEx"),
	'QUICKEDIT_IMG'		=> $user->img('icon_post_quickedit', 'QUICKEDIT_POST'),
	'U_QUICKEDIT' 		=> (isset($config['pjb_quickedit_enable']) && $config['pjb_quickedit_enable'] && $auth->acl_get('u_quickedit')) ? append_sid("{$phpbb_root_path}quickedit.$phpEx") : '',
	'PJB_QUICKEDIT_ENABLE' 	=> (isset($config['pjb_quickedit_enable']) && $config['pjb_quickedit_enable'] && $auth->acl_get('u_quickedit')) ? true : false,
	'PJB_QUICKREPLY_ENABLE' => (isset($config['pjb_quickreply_enable']) && $config['pjb_quickreply_enable'] && $auth->acl_get('u_quickreply')) ? true : false,
	'PJB_POPUPS_ENABLE'	=> (isset($config['pjb_popups_enable']) && $config['pjb_popups_enable']) ? true : false,]]></find>
				<action type="replace-with"><![CDATA[
	// phpBB jQuery Base -- Start
	'U_JQUERY_BASE'				=> (isset($config['pjb_enable']) && $config['pjb_enable']) ? append_sid("{$phpbb_root_path}jquery_base.$phpEx") : false,
	'QUICKEDIT_IMG'		=> $user->img('icon_post_quickedit', 'QUICKEDIT_POST'),
	'U_QUICKEDIT' 		=> (isset($config['pjb_quickedit_enable']) && $config['pjb_quickedit_enable'] && $auth->acl_get('u_quickedit') && $config['pjb_enable']) ? append_sid("{$phpbb_root_path}quickedit.$phpEx") : '',
	'PJB_QUICKEDIT_ENABLE' 	=> (isset($config['pjb_quickedit_enable']) && $config['pjb_quickedit_enable'] && $auth->acl_get('u_quickedit') && $config['pjb_enable']) ? true : false,
	'PJB_QUICKREPLY_ENABLE' => (isset($config['pjb_quickreply_enable']) && $config['pjb_quickreply_enable'] && $auth->acl_get('u_quickreply') && $config['pjb_enable']) ? true : false,
	'PJB_POPUPS_ENABLE'	=> (isset($config['pjb_popups_enable']) && $config['pjb_popups_enable'] && $config['pjb_enable']) ? true : false,
	'PJB_PM_UPDATE_INTERVAL' => (isset($config['pjb_pm_update_interval']) && !empty($config['pjb_pm_update_interval']) && $config['pjb_enable']) ? $config['pjb_pm_update_interval'] : false,
	'PJB_MARK_READ_ENABLE'	=> (isset($config['pjb_markread_enable']) && $config['pjb_markread_enable'] && $config['pjb_enable']) ? true : false,
	'PJB_LOGIN_ENABLE'		=> (isset($config['pjb_login_enable']) && $config['pjb_login_enable'] && $config['pjb_enable']) ? true : false,
	// phpBB jQuery Base -- End]]></action>
			</edit>	
		</open>
		<open src="styles/prosilver/template/overall_header.html">
			<edit>
				<find><![CDATA[	var onunload_functions = new Array();]]></find>
				<action type="after-add"><![CDATA[	<!-- IF S_USER_PM_POPUP and S_NEW_PM and not U_JQUERY_BASE -->
		var url = '{UA_POPUP_PM}';
		window.open(url.replace(/&amp;/g, '&'), '_phpbbprivmsg', 'height=225,resizable=yes,scrollbars=yes, width=400');
	<!-- ENDIF -->]]></action>
			</edit>
			<edit>
				<find><![CDATA[<!-- INCLUDE jquery_base/jquery_base_header.html -->]]></find>
				<action type="replace-with"><![CDATA[<!-- IF U_JQUERY_BASE -->
<!-- INCLUDE jquery_base/jquery_base_header.html -->
<!-- ENDIF -->]]></action>
			</edit>
		</open>
		<open src="styles/prosilver/template/overall_footer.html">
			<edit>
				<find><![CDATA[<!-- INCLUDE jquery_base/jquery_base_footer.html -->]]></find>
				<action type="replace-with"><![CDATA[<!-- IF U_JQUERY_BASE -->
<!-- INCLUDE jquery_base/jquery_base_footer.html -->
<!-- ENDIF -->]]></action>
			</edit>
		</open>
		<open src="styles/prosilver/template/viewtopic_body.html">
			<edit>
				<find><![CDATA[					<!-- IF postrow.U_EDIT --><li class="qe-icon"><a href="#" onclick="return false;" id="quickedit{postrow.POST_ID}" title="{L_QUICKEDIT_POST}"><span>{L_QUICKEDIT_POST}</span></a></li><!-- ENDIF -->]]></find>
				<action type="replace-with"><![CDATA[					<!-- IF postrow.U_EDIT and U_QUICKEDIT --><li class="qe-icon"><a href="#" onclick="return false;" id="quickedit{postrow.POST_ID}" title="{L_QUICKEDIT_POST}"><span>{L_QUICKEDIT_POST}</span></a></li><!-- ENDIF -->]]></action>
			</edit>
		</open>
		<php-installer>install/index.php</php-installer>
		<diy-instructions lang="en">Please run the installer after editing all files. Remove the installer afterwards.</diy-instructions>
		<diy-instructions lang="de">Bitte führe den Installer nach dem Editieren aller Dateien aus. Lösche den Installer anschließend.</diy-instructions>
	</action-group>
</mod>
